Date;PX_LAST
4/23/2026;54,288
4/22/2026;54,092
4/21/2026;54,087
4/20/2026;53,486
4/17/2026;53,167
4/16/2026;54,867
4/15/2026;53,895
4/14/2026;54,12
4/13/2026;54,646
04/10/2026;55,838
04/09/2026;54,938
04/08/2026;55,847
04/07/2026;59,314
04/06/2026;59,216
04/03/2026;60,845
04/02/2026;59,936
04/01/2026;60,584
3/31/2026;63,159
3/30/2026;67,746
3/27/2026;67,399
3/26/2026;64,987
3/25/2026;62,704
3/24/2026;61,271
3/23/2026;62,843
3/20/2026;66,409
3/19/2026;58,656
3/18/2026;60,603
3/17/2026;57,09
3/16/2026;59,423
3/13/2026;61,782
03/12/2026;60,519
03/11/2026;57,332
03/10/2026;55,88
03/09/2026;55,034
03/06/2026;58,455
03/05/2026;55,946
03/04/2026;53,842
03/03/2026;55,748
03/02/2026;54,675
2/27/2026;55,951
2/26/2026;53,739
2/25/2026;51,942
2/24/2026;52,935
2/23/2026;52,448
2/20/2026;51,364
2/19/2026;51,848
2/18/2026;51,636
2/17/2026;52,434
2/13/2026;52,206
02/12/2026;51,442
02/11/2026;50,358
02/10/2026;50,446
02/09/2026;49,943
02/06/2026;50,336
02/05/2026;52,336
02/04/2026;49,913
02/03/2026;49,677
02/02/2026;48,798
1/30/2026;49,399
1/29/2026;49,164
1/28/2026;49,041
1/27/2026;49,014
1/26/2026;48,88
1/23/2026;49,07
1/22/2026;48,476
1/21/2026;48,925
1/20/2026;50,228
1/16/2026;48,67
1/15/2026;48,994
1/14/2026;49,51
1/13/2026;49,174
01/12/2026;49,085
01/09/2026;49,111
01/08/2026;49,223
01/07/2026;49,619
01/06/2026;49,094
01/05/2026;49,255
01/02/2026;50,105
12/31/2025;50,008
12/30/2025;49,983
12/29/2025;50,415
12/26/2025;50,178
12/24/2025;49,948
12/23/2025;50,028
12/22/2025;50,157
12/19/2025;50,772
12/18/2025;50,898
12/17/2025;51,77
12/16/2025;50,919
12/15/2025;50,964
12/12/2025;50,774
12/11/2025;49,798
12/10/2025;49,92
12/09/2025;51,092
12/08/2025;50,775
12/05/2025;50,506
12/04/2025;50,783
12/03/2025;51,025
12/02/2025;51,045
12/01/2025;51,267
11/28/2025;51,121
11/26/2025;51,748
11/25/2025;52,437
11/24/2025;53,037
11/21/2025;54,508
11/20/2025;55,983
11/19/2025;53,875
11/18/2025;55,278
11/17/2025;54,398
11/14/2025;53,384
11/13/2025;53,645
11/12/2025;52,177
11/10/2025;51,818
11/07/2025;53,485
11/06/2025;53,54
11/05/2025;52,686
11/04/2025;53,834
11/03/2025;53,279
10/31/2025;52,591
10/30/2025;51,795
10/29/2025;51,083
10/28/2025;50,74
10/27/2025;50,222
10/24/2025;51,531
10/23/2025;52,078
10/22/2025;53,048
10/21/2025;52,853
10/20/2025;52,158
10/17/2025;53,644
10/16/2025;54,866
10/15/2025;52,788
10/14/2025;53,369
10/10/2025;56,702
10/09/2025;52,597
10/08/2025;51,866
10/07/2025;51,425
10/06/2025;50,904
10/03/2025;51,489
10/02/2025;51,646
10/01/2025;52,098
9/30/2025;52,07
9/29/2025;52,215
9/26/2025;52,826
9/25/2025;53,495
9/24/2025;52,631
9/23/2025;52,152
9/22/2025;51,721
9/19/2025;47,262
9/18/2025;46,95
9/17/2025;47,76
9/16/2025;47,453
9/15/2025;46,994
09/12/2025;47,849
09/11/2025;47,709
09/10/2025;48,988
09/09/2025;49,539
09/08/2025;49,997
09/05/2025;49,9
09/04/2025;49,542
09/03/2025;50,9
09/02/2025;51,023
8/29/2025;50,958
8/28/2025;50,12
8/27/2025;50,3
8/26/2025;49,65
8/25/2025;49,644
8/22/2025;49,065
8/21/2025;51,588
8/20/2025;50,752
8/19/2025;50,388
8/18/2025;50,035
8/15/2025;50,036
8/14/2025;49,961
8/13/2025;49,718
08/12/2025;50,104
08/11/2025;51,492
08/08/2025;51,044
08/07/2025;51,977
08/06/2025;52,03
08/05/2025;52,519
08/04/2025;51,886
08/01/2025;53,94
7/31/2025;51,339
7/30/2025;50,837
7/29/2025;50,934
7/28/2025;50,25
7/25/2025;50,044
7/24/2025;50,139
7/23/2025;50,115
7/22/2025;51,105
7/21/2025;50,99
7/18/2025;50,805
7/17/2025;50,658
7/16/2025;51,95
7/15/2025;52,14
7/14/2025;50,943
07/11/2025;50,536
07/10/2025;49,847
07/09/2025;50,05
07/08/2025;51,234
07/07/2025;50,89
07/03/2025;49,305
07/02/2025;50,178
07/01/2025;50,559
6/30/2025;51,058
6/27/2025;51,991
6/26/2025;52,492
6/25/2025;53,402
6/24/2025;52,799
6/23/2025;54,692
6/20/2025;56,013
6/18/2025;56,101
6/17/2025;56,819
6/16/2025;54,284
6/13/2025;55,892
06/12/2025;53,846
06/11/2025;53,267
06/10/2025;53,087
06/09/2025;53,913
06/06/2025;54,006
06/05/2025;55,661
06/04/2025;55,16
06/03/2025;54,959
06/02/2025;55,341
5/30/2025;56,16
5/29/2025;56,131
5/28/2025;56,082
5/27/2025;55,708
5/23/2025;59,526
5/22/2025;57,939
5/21/2025;58,441
5/20/2025;55,292
5/19/2025;54,98
5/16/2025;54,708
5/15/2025;54,994
5/14/2025;55,75
5/13/2025;54,078
05/12/2025;55,483
05/09/2025;61,858
05/08/2025;61,368
05/07/2025;63,414
05/06/2025;64,764
05/05/2025;63,693
05/02/2025;64,328
05/01/2025;67,49
4/30/2025;67,118
4/29/2025;66,99
4/28/2025;67,295
4/25/2025;66,417
4/24/2025;66,419
4/23/2025;68,808
4/22/2025;72,265
4/21/2025;73,755
4/17/2025;70,019
4/16/2025;71,758
4/15/2025;69,824
4/14/2025;70,99
04/11/2025;72,978
04/10/2025;74,8
04/09/2025;67,982
04/08/2025;81,052
04/07/2025;76,52
04/04/2025;72,201
04/03/2025;67,153
04/02/2025;59,695
04/01/2025;60,785
3/31/2025;61,451
3/28/2025;61,175
3/27/2025;59,165
3/26/2025;58,052
3/25/2025;56,862
3/24/2025;57,165
3/21/2025;59,545
3/20/2025;58,239
3/19/2025;52,52
3/18/2025;54,275
3/17/2025;53,946
3/14/2025;55,127
3/13/2025;57,332
03/12/2025;55,495
03/11/2025;55,529
03/10/2025;54,557
03/07/2025;51,482
03/06/2025;51,926
03/05/2025;49,834
03/04/2025;49,684
03/03/2025;50,275
2/28/2025;49,2
2/27/2025;50,022
2/26/2025;48,692
2/25/2025;48,609
2/24/2025;48,748
2/21/2025;48,47
2/20/2025;46,754
2/19/2025;46,64
2/18/2025;46,583
2/14/2025;46,748
2/13/2025;46,86
02/12/2025;47,58
02/11/2025;47,95
02/10/2025;47,946
02/07/2025;48,529
02/06/2025;47,99
02/05/2025;47,87
02/04/2025;48,077
02/03/2025;48,738
1/31/2025;48,656
1/30/2025;48,139
1/29/2025;48,36
1/28/2025;48,187
1/27/2025;48,757
1/24/2025;48,073
1/23/2025;47,734
1/22/2025;48,248
1/21/2025;47,503
1/17/2025;48,863
1/16/2025;49,348
1/15/2025;48,718
1/14/2025;50,749
1/13/2025;51,789
01/10/2025;51,501
01/09/2025;50,356
01/08/2025;50,114
01/07/2025;49,466
01/06/2025;48,476
01/03/2025;48,655
01/02/2025;49,325
12/31/2024;49,843
12/30/2024;50,205
12/27/2024;49,258
12/26/2024;48,255
12/24/2024;48,688
12/23/2024;49,613
12/20/2024;49,293
12/19/2024;51,405
12/18/2024;50,423
12/17/2024;47,77
12/16/2024;47,516
12/13/2024;47,812
12/12/2024;47,567
12/11/2024;46,859
12/10/2024;47,339
12/09/2024;47,459
12/06/2024;47,073
12/05/2024;47,288
12/04/2024;47,592
12/03/2024;47,445
12/02/2024;47,263
11/29/2024;47,611
11/27/2024;48,156
11/26/2024;48,206
11/25/2024;48,028
11/22/2024;48,59
11/21/2024;48,882
11/20/2024;48,993
11/19/2024;48,929
11/18/2024;49,039
11/15/2024;49,438
11/14/2024;48,986
11/13/2024;48,364
11/12/2024;48,061
11/08/2024;47,214
11/07/2024;48,035
11/06/2024;48,894
11/05/2024;51,907
11/04/2024;53,82
11/01/2024;53,016
10/31/2024;53,85
10/30/2024;52,84
10/29/2024;52,21
10/28/2024;51,965
10/25/2024;52,87
10/24/2024;52,544
10/23/2024;53,28
10/22/2024;52,358
10/21/2024;51,959
10/18/2024;51,194
10/17/2024;51,598
10/16/2024;51,209
10/15/2024;51,617
10/11/2024;51,725
10/10/2024;52,224
10/09/2024;52,283
10/08/2024;52,834
10/07/2024;53,818
10/04/2024;52,783
10/03/2024;54,074
10/02/2024;53,348
10/01/2024;54,341
9/30/2024;52,705
9/27/2024;52,571
9/26/2024;52,31
9/25/2024;53,178
9/24/2024;52,561
9/23/2024;52,986
9/20/2024;52,23
9/19/2024;47,691
9/18/2024;49,162
9/17/2024;49,53
9/16/2024;49,299
9/13/2024;49,823
09/12/2024;50,888
09/11/2024;51,824
09/10/2024;53,036
09/09/2024;51,645
09/06/2024;54,02
09/05/2024;51,75
09/04/2024;51,969
09/03/2024;52,108
8/30/2024;49,259
8/29/2024;49,63
8/28/2024;49,9
8/27/2024;49,238
8/26/2024;49,464
8/23/2024;49,208
8/22/2024;51,198
8/21/2024;50,548
8/20/2024;51,213
8/19/2024;50,79
8/16/2024;50,979
8/15/2024;52,186
8/14/2024;55,24
8/13/2024;57,63
08/12/2024;59,51
08/09/2024;57,718
08/08/2024;57,793
08/07/2024;61,12
08/06/2024;60,375
08/05/2024;60,777
08/02/2024;58,268
08/01/2024;54,609
7/31/2024;51,809
7/30/2024;52,52
7/29/2024;51,778
7/26/2024;51,048
7/25/2024;52,348
7/24/2024;51,618
7/23/2024;49,604
7/22/2024;49,243
7/19/2024;50,83
7/18/2024;50,494
7/17/2024;49,121
7/16/2024;48,028
7/15/2024;48,523
07/12/2024;48,2
07/11/2024;48,64
07/10/2024;48,979
07/09/2024;49,423
07/08/2024;49,008
07/05/2024;49,797
07/03/2024;50,034
07/02/2024;50,733
07/01/2024;52,388
6/28/2024;53,452
6/27/2024;53,451
6/26/2024;54,357
6/25/2024;53,985
6/24/2024;53,275
6/21/2024;53,196
6/20/2024;53,369
6/18/2024;52,18
6/17/2024;53,032
6/14/2024;53,828
6/13/2024;51,197
06/12/2024;49,321
06/11/2024;50,566
06/10/2024;50,107
06/07/2024;50,013
06/06/2024;50,326
06/05/2024;49,894
06/04/2024;50,679
06/03/2024;49,503
5/31/2024;49,845
5/30/2024;50,657
5/29/2024;50,79
5/28/2024;49,898
5/24/2024;49,225
5/23/2024;50,463
5/22/2024;49,684
5/21/2024;48,902
5/20/2024;48,601
5/17/2024;48,802
5/16/2024;49,4
5/15/2024;49,008
5/14/2024;50,37
5/13/2024;50,929
05/10/2024;50,617
05/09/2024;50,178
05/08/2024;50,375
05/07/2024;50,213
05/06/2024;50,181
05/03/2024;50,513
05/02/2024;51,528
05/01/2024;53,026
4/30/2024;53,829
4/29/2024;51,831
4/26/2024;51,904
4/25/2024;53,502
4/24/2024;53,418
4/23/2024;52,395
4/22/2024;54,21
4/19/2024;56,815
4/18/2024;57,432
4/17/2024;57,877
4/16/2024;57,891
4/15/2024;57,47
04/12/2024;54,559
04/11/2024;52,78
04/10/2024;53,03
04/09/2024;50,886
04/08/2024;51,194
04/05/2024;52,536
04/04/2024;53,756
04/03/2024;52,017
04/02/2024;52,721
04/01/2024;52,031
3/28/2024;51,489
3/27/2024;51,302
3/26/2024;53,246
3/25/2024;52,515
3/22/2024;52,34
3/21/2024;50,911
3/20/2024;51,363
3/19/2024;48,22
3/18/2024;49,047
3/15/2024;49,988
3/14/2024;49,3
3/13/2024;48,087
03/12/2024;48,434
03/11/2024;49,541
03/08/2024;49,641
03/07/2024;50,074
03/06/2024;50,607
03/05/2024;51,725
03/04/2024;51,154
03/01/2024;51,499
2/29/2024;52,413
2/28/2024;53,066
2/27/2024;51,865
2/26/2024;52,48
2/23/2024;51,569
2/22/2024;50,878
2/21/2024;52,524
2/20/2024;52,981
2/16/2024;53,184
2/15/2024;52,343
2/14/2024;54,015
2/13/2024;55,056
02/12/2024;53,619
02/09/2024;54,136
02/08/2024;55,243
02/07/2024;55,557
02/06/2024;55,659
02/05/2024;55,323
02/02/2024;54,609
02/01/2024;55,079
1/31/2024;56,614
1/30/2024;54,318
1/29/2024;53,944
1/26/2024;54,419
1/25/2024;54,598
1/24/2024;55,753
1/23/2024;55,307
1/22/2024;55,165
1/19/2024;54,689
1/18/2024;55,351
1/17/2024;56,69
1/16/2024;56,026
01/12/2024;54,757
01/11/2024;54,491
01/10/2024;55,248
01/09/2024;56,524
01/08/2024;56,908
01/05/2024;59,397
01/04/2024;59,971
01/03/2024;60,56
01/02/2024;58,46
12/29/2023;56,696
12/28/2023;55,881
12/27/2023;55,242
12/26/2023;55,838
12/22/2023;56,127
12/21/2023;55,422
12/20/2023;58,685
12/19/2023;56,898
12/18/2023;57,833
12/15/2023;57,504
12/14/2023;56,704
12/13/2023;55,554
12/12/2023;59,842
12/11/2023;61,393
12/08/2023;61,55
12/07/2023;62,378
12/06/2023;62,989
12/05/2023;62,76
12/04/2023;62,17
12/01/2023;61,214
11/30/2023;62,413
11/29/2023;62,995
11/28/2023;63,058
11/27/2023;63,791
11/24/2023;63,178
11/22/2023;62,611
11/21/2023;63,88
11/20/2023;63,733
11/17/2023;64,4
11/16/2023;65,329
11/15/2023;65,376
11/14/2023;64,698
11/13/2023;67,418
11/10/2023;68,019
11/09/2023;70,445
11/08/2023;69,478
11/07/2023;69,636
11/06/2023;71,31
11/03/2023;69,978
11/02/2023;72,164
11/01/2023;75,937
10/31/2023;79,509
10/30/2023;81,22
10/27/2023;81,732
10/26/2023;80,911
10/25/2023;80,87
10/24/2023;77,342
10/23/2023;79,128
10/20/2023;81,326
10/19/2023;81,56
10/18/2023;78,155
10/17/2023;75,404
10/16/2023;74,674
10/13/2023;76,88
10/12/2023;74,841
10/11/2023;73,548
10/10/2023;74,343
10/06/2023;75,28
10/05/2023;78,359
10/04/2023;76,921
10/03/2023;77,957
10/02/2023;74,704
9/29/2023;73,927
9/28/2023;72,975
9/27/2023;73,945
9/26/2023;74,485
9/25/2023;73,015
9/22/2023;72,541
9/21/2023;72,785
9/20/2023;70,27
9/19/2023;63,203
9/18/2023;63,101
9/15/2023;63,009
9/14/2023;62,29
9/13/2023;63,414
09/12/2023;64,292
09/11/2023;63,343
09/08/2023;64,335
09/07/2023;64,233
09/06/2023;64,637
09/05/2023;64,29
09/01/2023;63,29
8/31/2023;63,523
8/30/2023;62,611
8/29/2023;62,703
8/28/2023;64,011
8/25/2023;65,205
8/24/2023;67,643
8/23/2023;65,188
8/22/2023;69,069
8/21/2023;69,556
8/18/2023;70,621
8/17/2023;70,436
8/16/2023;69,009
8/15/2023;67,563
8/14/2023;65,69
08/11/2023;66,096
08/10/2023;66,798
08/09/2023;67,358
08/08/2023;67,718
08/07/2023;66,723
08/04/2023;68,173
08/03/2023;67,144
08/02/2023;66,484
08/01/2023;64,351
7/31/2023;62,901
7/28/2023;62,571
7/27/2023;64,96
7/26/2023;63,559
7/25/2023;64,694
7/24/2023;64,815
7/21/2023;65,16
7/20/2023;65,73
7/19/2023;65,738
7/18/2023;65,345
7/17/2023;66,169
7/14/2023;67,114
7/13/2023;65,008
07/12/2023;63,565
07/11/2023;65,898
07/10/2023;68,054
07/07/2023;70,031
07/06/2023;70,803
07/05/2023;68,821
07/03/2023;66,446
6/30/2023;66,22
6/29/2023;68,994
6/28/2023;69,619
6/27/2023;71,111
6/26/2023;73,913
6/23/2023;72,468
6/22/2023;71,16
6/21/2023;70,993
6/20/2023;70,053
6/16/2023;69,369
6/15/2023;70,395
6/14/2023;71,205
6/13/2023;70,045
06/12/2023;70,586
06/09/2023;70,628
06/08/2023;70,706
06/07/2023;71,89
06/06/2023;71,204
06/05/2023;71,943
06/02/2023;71,288
06/01/2023;73,752
5/31/2023;75,632
5/30/2023;74,355
5/26/2023;75,375
5/25/2023;77,268
5/24/2023;79,523
5/23/2023;78,484
5/22/2023;76,816
5/19/2023;79,492
5/18/2023;79,618
5/17/2023;80,431
5/16/2023;83,52
5/15/2023;80,899
05/12/2023;80,985
05/11/2023;80,92
05/10/2023;80,535
05/09/2023;82,32
05/08/2023;81,378
05/05/2023;80,551
05/04/2023;83,231
05/03/2023;81,619
05/02/2023;79,763
05/01/2023;77,533
4/28/2023;75,765
4/27/2023;76,143
4/26/2023;79,046
4/25/2023;78,06
4/24/2023;75,583
4/21/2023;76,051
4/20/2023;76,991
4/19/2023;75,22
4/18/2023;73,565
4/17/2023;73,604
4/14/2023;73,964
4/13/2023;74,988
04/12/2023;77,395
04/11/2023;76,63
04/10/2023;78,282
04/07/2023;77,906
04/06/2023;79,294
04/05/2023;80,716
04/04/2023;78,344
04/03/2023;76,286
3/31/2023;75,858
3/30/2023;77,75
3/29/2023;79,307
3/28/2023;83,866
3/27/2023;83,093
3/24/2023;84,817
3/23/2023;86,153
3/22/2023;83,25
3/21/2023;80,229
3/20/2023;88,504
3/17/2023;87,87
3/16/2023;82,791
3/15/2023;88,395
3/14/2023;85,003
3/13/2023;90,914
03/10/2023;83,034
03/09/2023;78,786
03/08/2023;74,265
03/07/2023;73,18
03/06/2023;70,654
03/03/2023;70,849
03/02/2023;74,835
03/01/2023;75,536
2/28/2023;76,383
2/27/2023;75,506
2/24/2023;76,874
2/23/2023;74,364
2/22/2023;76,14
2/21/2023;77,036
2/17/2023;72,805
2/16/2023;73,174
2/15/2023;70,965
2/14/2023;71,078
2/13/2023;71,253
02/10/2023;72,821
02/09/2023;70,934
02/08/2023;69,863
02/07/2023;68,711
02/06/2023;70,166
02/03/2023;69,044
02/02/2023;67,198
02/01/2023;68,521
1/31/2023;71,383
1/30/2023;73,651
1/27/2023;71,474
1/26/2023;71,482
1/25/2023;71,587
1/24/2023;71,564
1/23/2023;71,943
1/20/2023;74,083
1/19/2023;76,077
1/18/2023;73,903
1/17/2023;71,983
1/13/2023;70,483
01/12/2023;70,82
01/11/2023;72,349
01/10/2023;74,723
01/09/2023;74,626
01/06/2023;74,566
01/05/2023;78,626
01/04/2023;78,525
01/03/2023;80,267
12/30/2022;82,024
12/29/2022;81,71
12/28/2022;84,111
12/27/2022;80,753
12/23/2022;80,849
12/22/2022;82,653
12/21/2022;81,246
12/20/2022;86,466
12/19/2022;85,037
12/16/2022;83,306
12/15/2022;80,549
12/14/2022;75,988
12/13/2022;75,815
12/12/2022;78,011
12/09/2022;80,395
12/08/2022;81,644
12/07/2022;82,069
12/06/2022;82,869
12/05/2022;80,034
12/02/2022;77,814
12/01/2022;77,035
11/30/2022;75,638
11/29/2022;81,011
11/28/2022;82,126
11/25/2022;78,02
11/23/2022;77,49
11/22/2022;79,806
11/21/2022;81,453
11/18/2022;81,856
11/17/2022;83,254
11/16/2022;82,943
11/15/2022;82,96
11/14/2022;83,383
11/10/2022;83,17
11/09/2022;92,236
11/08/2022;88,794
11/07/2022;88,517
11/04/2022;90,028
11/03/2022;94,037
11/02/2022;91,288
11/01/2022;88,751
10/31/2022;90,269
10/28/2022;87,525
10/27/2022;93,196
10/26/2022;92,363
10/25/2022;92,758
10/24/2022;93,644
10/21/2022;94,239
10/20/2022;99,101
10/19/2022;96,406
10/18/2022;94,316
10/17/2022;98,396
10/14/2022;104,063
10/13/2022;101,159
10/12/2022;102,465
10/11/2022;103,325
10/07/2022;101,445
10/06/2022;98,738
10/05/2022;97,158
10/04/2022;97,983
10/03/2022;104,326
9/30/2022;108,024
9/29/2022;107,335
9/28/2022;106,114
9/27/2022;111,153
9/26/2022;109,693
9/23/2022;105,909
9/22/2022;102,421
9/21/2022;100,584
9/20/2022;98,471
9/19/2022;86,798
9/16/2022;89,17
9/15/2022;89,239
9/14/2022;85,258
9/13/2022;85,991
09/12/2022;79,148
09/09/2022;80,98
09/08/2022;83,72
09/07/2022;85,496
09/06/2022;91,029
09/02/2022;91,966
09/01/2022;90,4
8/31/2022;92,37
8/30/2022;91,119
8/29/2022;88,255
8/26/2022;86,01
8/25/2022;80,873
8/24/2022;82,695
8/23/2022;84,691
8/22/2022;84,443
8/19/2022;81,016
8/18/2022;77,28
8/17/2022;78,169
8/16/2022;75,829
8/15/2022;74,323
08/12/2022;73,539
08/11/2022;77,484
08/10/2022;76,308
08/09/2022;83,03
08/08/2022;80,935
08/05/2022;80,65
08/04/2022;80,913
08/03/2022;81,4
08/02/2022;84,615
08/01/2022;82,361
7/29/2022;80,434
7/28/2022;80,559
7/27/2022;83,389
7/26/2022;87,235
7/25/2022;85,765
7/22/2022;86,015
7/21/2022;83,78
7/20/2022;84,691
7/19/2022;85,743
7/18/2022;91,288
7/15/2022;90,53
7/14/2022;94,687
7/13/2022;94
07/12/2022;92,49
07/11/2022;92,228
07/08/2022;90,479
07/07/2022;92,995
07/06/2022;98,26
07/05/2022;99,095
07/01/2022;100,734
6/30/2022;101,159
6/29/2022;100,14
6/28/2022;99,32
6/27/2022;95,149
6/24/2022;94,149
6/23/2022;98,793
6/22/2022;99,935
6/21/2022;97,92
6/17/2022;100,018
6/16/2022;102,459
6/15/2022;95,16
6/14/2022;98,871
6/13/2022;98,5
06/10/2022;91,641
06/09/2022;87,389
06/08/2022;83,529
06/07/2022;81,298
06/06/2022;81,771
06/03/2022;81,597
06/02/2022;79,644
06/01/2022;80,788
5/31/2022;79,641
5/27/2022;78,983
5/26/2022;81,426
5/25/2022;82,644
5/24/2022;87,01
5/23/2022;88,255
5/20/2022;90,586
5/19/2022;89,806
5/18/2022;90,786
5/17/2022;83,844
5/16/2022;86,381
5/13/2022;85,39
05/12/2022;87,3
05/11/2022;87,789
05/10/2022;87,209
05/09/2022;89,205
05/06/2022;86,878
05/05/2022;83,45
05/04/2022;78,201
05/03/2022;80,421
05/02/2022;82,89
4/29/2022;83,649
4/28/2022;80,901
4/27/2022;82
4/26/2022;82,188
4/25/2022;76,863
4/22/2022;79,529
4/21/2022;75,92
4/20/2022;72,718
4/19/2022;74,268
4/18/2022;73,454
4/14/2022;72,864
4/13/2022;71,519
04/12/2022;72,818
04/11/2022;72,824
04/08/2022;70,6
04/07/2022;68,219
04/06/2022;67,456
04/05/2022;66,135
04/04/2022;63,834
04/01/2022;66,499
3/31/2022;67,238
3/30/2022;66,293
3/29/2022;66,043
3/28/2022;70,266
3/25/2022;72,085
3/24/2022;70,829
3/23/2022;71,915
3/22/2022;69,711
3/21/2022;72,083
3/18/2022;64,233
3/17/2022;65,313
3/16/2022;67,32
3/15/2022;72,825
3/14/2022;75,403
03/11/2022;74,846
03/10/2022;73,359
03/09/2022;71,791
03/08/2022;76,341
03/07/2022;77,806
03/04/2022;74,438
03/03/2022;71,014
03/02/2022;69,464
03/01/2022;71,934
2/28/2022;67,668
2/25/2022;66,444
2/24/2022;68,48
2/23/2022;70,661
2/22/2022;69,245
2/18/2022;68,898
2/17/2022;67,641
2/16/2022;65,255
2/15/2022;65,849
2/14/2022;67,535
02/11/2022;67,836
02/10/2022;65,58
02/09/2022;61,504
02/08/2022;62,959
02/07/2022;63,57
02/04/2022;63,704
02/03/2022;62,399
02/02/2022;59,769
02/01/2022;58,38
1/31/2022;60,146
1/28/2022;61,075
1/27/2022;62,445
1/26/2022;60,45
1/25/2022;58,973
1/24/2022;57,945
1/21/2022;58,44
1/20/2022;57,544
1/19/2022;55,774
1/18/2022;55,01
1/14/2022;53,418
1/13/2022;53,148
01/12/2022;51,25
01/11/2022;51,674
01/10/2022;52,51
01/07/2022;52,614
01/06/2022;51,736
01/05/2022;51,73
01/04/2022;49,555
01/03/2022;49,529
12/31/2021;49,571
12/30/2021;49,801
12/29/2021;49,489
12/28/2021;49,379
12/27/2021;48,849
12/23/2021;49,805
12/22/2021;50,763
12/21/2021;51,775
12/20/2021;53,328
12/17/2021;52,629
12/16/2021;52,409
12/15/2021;52,337
12/14/2021;53,991
12/13/2021;53,488
12/10/2021;53,368
12/09/2021;54,7
12/08/2021;53,569
12/07/2021;53,603
12/06/2021;56,101
12/03/2021;58,456
12/02/2021;57,333
12/01/2021;58,663
11/30/2021;57,687
11/29/2021;55,083
11/26/2021;57,454
11/24/2021;53,02
11/23/2021;53,01
11/22/2021;52,671
11/19/2021;51,76
11/18/2021;51,085
11/17/2021;50,973
11/16/2021;50,638
11/15/2021;50,764
11/12/2021;50,776
11/10/2021;51,374
11/09/2021;50,146
11/08/2021;49,468
11/05/2021;49,411
11/04/2021;50,353
11/03/2021;50,878
11/02/2021;51,976
11/01/2021;52,563
10/29/2021;52,283
10/28/2021;51,221
10/27/2021;51,588
10/26/2021;50,975
10/25/2021;51,36
10/22/2021;52,085
10/21/2021;51,651
10/20/2021;51,24
10/19/2021;51,491
10/18/2021;52,145
10/15/2021;52,159
10/14/2021;52,14
10/13/2021;54,124
10/12/2021;55,05
10/08/2021;53,893
10/07/2021;53,293
10/06/2021;53,742
10/05/2021;53,744
10/04/2021;53,315
10/01/2021;52,366
9/30/2021;53,249
9/29/2021;52,181
9/28/2021;52,085
9/27/2021;50,946
9/24/2021;50,966
9/23/2021;50,856
9/22/2021;51,429
9/21/2021;53,156
9/20/2021;53,749
9/17/2021;46,761
9/16/2021;46,134
9/15/2021;46,179
9/14/2021;46,918
9/13/2021;46,708
09/10/2021;47,299
09/09/2021;46,934
09/08/2021;46,716
09/07/2021;47,25
09/03/2021;46,861
09/02/2021;46,383
09/01/2021;46,083
8/31/2021;46,1
8/30/2021;46,181
8/27/2021;46,56
8/26/2021;48,478
8/25/2021;47,821
8/24/2021;48,486
8/23/2021;48,549
8/20/2021;49,653
8/19/2021;50,468
8/18/2021;50,543
8/17/2021;49,711
8/16/2021;48,822
8/13/2021;48,4
08/12/2021;49,04
08/11/2021;49,898
08/10/2021;50,339
08/09/2021;49,435
08/06/2021;49,021
08/05/2021;49,625
08/04/2021;50,439
08/03/2021;49,777
08/02/2021;49,845
7/30/2021;49,79
7/29/2021;48,995
7/28/2021;49,05
7/27/2021;49,616
7/26/2021;48,656
7/23/2021;48,416
7/22/2021;49,133
7/21/2021;48,886
7/20/2021;50,724
7/19/2021;52,285
7/16/2021;50,055
7/15/2021;49,35
7/14/2021;48,603
7/13/2021;48,585
07/12/2021;47,923
07/09/2021;48,004
07/08/2021;49,014
07/07/2021;47,938
07/06/2021;47,562
07/02/2021;46,888
07/01/2021;47,614
6/30/2021;47,681
6/29/2021;47,836
6/28/2021;47,842
6/25/2021;47,215
6/24/2021;47,99
6/23/2021;48,756
6/22/2021;49,055
6/21/2021;49,51
6/18/2021;50,932
6/17/2021;49,646
6/16/2021;49,323
6/15/2021;48,662
6/14/2021;48,62
06/11/2021;48,287
06/10/2021;48,912
06/09/2021;50,225
06/08/2021;50,447
06/07/2021;50,421
06/04/2021;50,174
06/03/2021;50,899
06/02/2021;50,078
06/01/2021;50,06
5/28/2021;50,621
5/27/2021;50,939
5/26/2021;51,65
5/25/2021;51,993
5/24/2021;51,371
5/21/2021;52,44
5/20/2021;52,265
5/19/2021;52,941
5/18/2021;52,536
5/17/2021;51,532
5/14/2021;50,67
5/13/2021;52,303
05/12/2021;53,792
05/11/2021;52,27
05/10/2021;51,861
05/07/2021;50,363
05/06/2021;51,279
05/05/2021;51,072
05/04/2021;50,789
05/03/2021;50,263
4/30/2021;50,432
4/29/2021;50,039
4/28/2021;50,806
4/27/2021;51,534
4/26/2021;51,143
4/23/2021;51,163
4/22/2021;52,047
4/21/2021;51,505
4/20/2021;52,091
4/19/2021;50,72
4/16/2021;50,32
4/15/2021;49,995
4/14/2021;51,146
4/13/2021;51,224
04/12/2021;50,98
04/09/2021;50,879
04/08/2021;50,985
04/07/2021;51,798
04/06/2021;51,619
04/05/2021;51,289
04/02/2021;50,713
04/01/2021;51,236
3/31/2021;53,985
3/30/2021;56,508
3/29/2021;56,168
3/26/2021;56,334
3/25/2021;57,644
3/24/2021;58,086
3/23/2021;57,967
3/22/2021;57,475
3/19/2021;52,106
3/18/2021;52,47
3/17/2021;50,892
3/16/2021;51,975
3/15/2021;51,607
03/12/2021;52,689
03/11/2021;52,569
03/10/2021;52,933
03/09/2021;55,12
03/08/2021;56,155
03/05/2021;53,645
03/04/2021;56,494
03/03/2021;54,595
03/02/2021;53,369
03/01/2021;52,711
2/26/2021;55,873
2/25/2021;56,225
2/24/2021;51,708
2/23/2021;52,821
2/22/2021;53,8
2/19/2021;51,621
2/18/2021;50,998
2/17/2021;50,279
2/16/2021;50,565
02/12/2021;50,42
02/11/2021;50,256
02/10/2021;50,287
02/09/2021;50,78
02/08/2021;50,205
02/05/2021;50,804
02/04/2021;51,343
02/03/2021;52,619
02/02/2021;52,77
02/01/2021;54,986
1/29/2021;56,051
1/28/2021;55,436
1/27/2021;55,695
1/26/2021;52,686
1/25/2021;51,75
1/22/2021;51,078
1/21/2021;50,751
1/20/2021;50,758
1/19/2021;50,539
1/15/2021;51,981
1/14/2021;50,073
1/13/2021;49,836
01/12/2021;51,549
01/11/2021;51,17
01/08/2021;49,653
01/07/2021;50,118
01/06/2021;51,613
01/05/2021;51,738
01/04/2021;52,465
12/31/2020;49,896
12/30/2020;51,138
12/29/2020;52,184
12/28/2020;52,126
12/24/2020;53,935
12/23/2020;54,248
12/22/2020;55,78
12/21/2020;55,2
12/18/2020;53,278
12/17/2020;52,515
12/16/2020;52,944
12/15/2020;52,619
12/14/2020;54,193
12/11/2020;53,846
12/10/2020;52,974
12/09/2020;52,203
12/08/2020;50,99
12/07/2020;50,855
12/04/2020;49,936
12/03/2020;49,823
12/02/2020;50,141
12/01/2020;49,959
11/30/2020;50,106
11/27/2020;51,175
11/25/2020;52,205
11/24/2020;51,669
11/23/2020;54,283
11/20/2020;56,344
11/19/2020;53,829
11/18/2020;54,513
11/17/2020;52,7
11/16/2020;52,078
11/13/2020;54,476
11/12/2020;54,964
11/10/2020;52,976
11/09/2020;52,223
11/06/2020;53,359
11/05/2020;53,463
11/04/2020;57,464
11/03/2020;59,913
11/02/2020;63,091
10/30/2020;65,463
10/29/2020;65,158
10/28/2020;63,845
10/27/2020;59,918
10/26/2020;58,775
10/23/2020;56,566
10/22/2020;57,203
10/21/2020;57,115
10/20/2020;57,84
10/19/2020;58,469
10/16/2020;56,591
10/15/2020;56,568
10/14/2020;56,145
10/13/2020;54,874
10/09/2020;53,205
10/08/2020;54,835
10/07/2020;55,853
10/06/2020;58,363
10/05/2020;56,63
10/02/2020;59,901
10/01/2020;58,643
9/30/2020;59,214
9/29/2020;60,319
9/28/2020;57,674
9/25/2020;59,118
9/24/2020;58,308
9/23/2020;57,519
9/22/2020;52,5
9/21/2020;52,383
9/18/2020;71,371
9/17/2020;69,725
9/16/2020;67,785
9/15/2020;67,735
9/14/2020;68,703
09/11/2020;69,82
09/10/2020;68,788
09/09/2020;66,039
09/08/2020;69,1
09/04/2020;66,703
09/03/2020;65,841
09/02/2020;62,001
09/01/2020;62,033
8/31/2020;65,061
8/28/2020;66,523
8/27/2020;67,62
8/26/2020;66,576
8/25/2020;65,981
8/24/2020;66,246
8/21/2020;67,538
8/20/2020;67,518
8/19/2020;67,594
8/18/2020;66,101
8/17/2020;66,561
8/14/2020;67,8
8/13/2020;67,044
08/12/2020;65,218
08/11/2020;66,635
08/10/2020;65,809
08/07/2020;64,896
08/06/2020;64,576
08/05/2020;64,998
08/04/2020;66,29
08/03/2020;67,8
7/31/2020;69,283
7/30/2020;69,949
7/29/2020;69,649
7/28/2020;71,763
7/27/2020;70,286
7/24/2020;70,4
7/23/2020;69,485
7/22/2020;69,169
7/21/2020;70,125
7/20/2020;70,063
7/17/2020;71,459
7/16/2020;72,731
7/15/2020;72,05
7/14/2020;74,16
7/13/2020;74,789
07/10/2020;73,688
07/09/2020;74,989
07/08/2020;72,448
07/07/2020;74,4
07/06/2020;71,498
07/02/2020;74,131
07/01/2020;74,928
6/30/2020;75,879
6/29/2020;78,949
6/26/2020;80,886
6/25/2020;78,226
6/24/2020;78,508
6/23/2020;74,946
6/22/2020;76,13
6/19/2020;78,551
6/18/2020;74,561
6/17/2020;71,435
6/16/2020;69,184
6/15/2020;69,889
06/12/2020;78,958
06/11/2020;81,615
06/10/2020;74,522
06/09/2020;72,358
06/08/2020;66,636
06/05/2020;64,961
06/04/2020;72,445
06/03/2020;73,04
06/02/2020;75,641
06/01/2020;78,851
5/29/2020;77,4
5/28/2020;77,946
5/27/2020;78,943
5/26/2020;83,124
5/22/2020;87,206
5/21/2020;85,958
5/20/2020;83,95
5/19/2020;90
5/18/2020;90,416
5/15/2020;95,806
5/14/2020;95,324
5/13/2020;96,709
05/12/2020;93,303
05/11/2020;92,61
05/08/2020;90,98
05/07/2020;92,169
05/06/2020;93,224
05/05/2020;90,065
05/04/2020;90,896
05/01/2020;90,4
4/30/2020;86,979
4/29/2020;86,885
4/28/2020;91,781
4/27/2020;93,168
4/24/2020;94,144
4/23/2020;93,689
4/22/2020;94,481
4/21/2020;98,063
4/20/2020;93,474
4/17/2020;86,968
4/16/2020;87,928
4/15/2020;87,416
4/14/2020;82,608
4/13/2020;83,14
04/09/2020;81,849
04/08/2020;104,886
04/07/2020;112,493
04/06/2020;116,969
04/03/2020;127,55
04/02/2020;123,313
04/01/2020;126,144
3/31/2020;113,051
3/30/2020;107,875
3/27/2020;111,889
3/26/2020;96,658
3/25/2020;103,168
3/24/2020;107,974
3/23/2020;121,563
3/20/2020;151,798
3/19/2020;141,838
3/18/2020;140,969
3/17/2020;123,233
3/16/2020;124,226
3/13/2020;107,488
03/12/2020;138,875
03/11/2020;117,418
03/10/2020;106,75
03/09/2020;110,94
03/06/2020;83,157
03/05/2020;73,253
03/04/2020;65,835
03/03/2020;71,326
03/02/2020;64,6
2/28/2020;66,478
2/27/2020;64,581
2/26/2020;57,685
2/25/2020;55,409
2/24/2020;53,071
2/21/2020;46,546
2/20/2020;45,356
2/19/2020;44,518
2/18/2020;44,674
2/14/2020;44,266
2/13/2020;43,75
02/12/2020;43,81
02/11/2020;44,834
02/10/2020;45,271
02/07/2020;46,129
02/06/2020;45,335
02/05/2020;44,855
02/04/2020;47,061
02/03/2020;50,075
1/31/2020;50,155
1/30/2020;47,535
1/29/2020;48,016
1/28/2020;46,646
1/27/2020;49,308
1/24/2020;47,025
1/23/2020;46,02
1/22/2020;45,071
1/21/2020;45,763
1/17/2020;44,053
1/16/2020;44,054
1/15/2020;44,715
1/14/2020;44,716
1/13/2020;44,133
01/10/2020;44,195
01/09/2020;43,844
01/08/2020;45,113
01/07/2020;46,665
01/06/2020;46,049
01/03/2020;45,835
01/02/2020;44,155
12/31/2019;45,266
12/30/2019;44,975
12/27/2019;43,948
12/26/2019;43,978
12/24/2019;44,599
12/23/2019;45,041
12/20/2019;45,116
12/19/2019;45,708
12/18/2019;45,773
12/17/2019;45,814
12/16/2019;46,135
12/13/2019;47,86
12/12/2019;47,802
12/11/2019;49,175
12/10/2019;49,875
12/09/2019;50,183
12/06/2019;49,205
12/05/2019;50,463
12/04/2019;50,395
12/03/2019;52,192
12/02/2019;51,546
11/29/2019;50,03
11/27/2019;49,565
11/26/2019;49,19
11/25/2019;50,028
11/22/2019;51,461
11/21/2019;52,891
11/20/2019;52,77
11/19/2019;52,143
11/18/2019;51,253
11/15/2019;51,26
11/14/2019;52,421
11/13/2019;52,221
11/12/2019;51,724
11/08/2019;51,299
11/07/2019;51,17
11/06/2019;51,883
11/05/2019;51,86
11/04/2019;51,466
11/01/2019;52,9
10/31/2019;55,056
10/30/2019;54,213
10/29/2019;54,488
10/28/2019;53,328
10/25/2019;53,598
10/24/2019;54,619
10/23/2019;54,144
10/22/2019;54,633
10/21/2019;53,798
10/18/2019;54,905
10/17/2019;55,63
10/16/2019;56,068
10/15/2019;56,236
10/11/2019;57,239
10/10/2019;59,973
10/09/2019;61,432
10/08/2019;63,091
10/07/2019;61,145
10/04/2019;60,242
10/03/2019;62,726
10/02/2019;63,389
10/01/2019;60,645
9/30/2019;59,8
9/27/2019;61,685
9/26/2019;60,845
9/25/2019;60,1
9/24/2019;60,968
9/23/2019;58,984
9/20/2019;59,723
9/19/2019;51,803
9/18/2019;50,828
9/17/2019;51,503
9/16/2019;51,039
9/13/2019;50,066
09/12/2019;50,098
09/11/2019;50,834
09/10/2019;52,06
09/09/2019;51,724
09/06/2019;51,233
09/05/2019;52,215
09/04/2019;53,883
09/03/2019;55,384
8/30/2019;54,055
8/29/2019;53,956
8/28/2019;55,153
8/27/2019;56,619
8/26/2019;56,298
8/23/2019;58,52
8/22/2019;54,61
8/21/2019;54,58
8/20/2019;56,977
8/19/2019;55,434
8/16/2019;58,193
8/15/2019;61,946
8/14/2019;62,394
8/13/2019;56,783
08/12/2019;61,751
08/09/2019;59,07
08/08/2019;58,178
08/07/2019;59,99
08/06/2019;59,525
08/05/2019;62,471
08/02/2019;56,644
08/01/2019;55,788
7/31/2019;55,175
7/30/2019;52,506
7/29/2019;52,646
7/26/2019;51,245
7/25/2019;51,145
7/24/2019;49,661
7/23/2019;50,764
7/22/2019;52,735
7/19/2019;53,981
7/18/2019;52,923
7/17/2019;54,659
7/16/2019;54,05
7/15/2019;53,438
07/12/2019;53,48
07/11/2019;53,42
07/10/2019;52,452
07/09/2019;53,846
07/08/2019;54,706
07/05/2019;53,176
07/03/2019;51,669
07/02/2019;52,13
07/01/2019;52,705
6/28/2019;54,149
6/27/2019;55,748
6/26/2019;57,325
6/25/2019;58,194
6/24/2019;55,604
6/21/2019;55,459
6/20/2019;53,77
6/19/2019;55,263
6/18/2019;57,568
6/17/2019;60,504
6/14/2019;61,451
6/13/2019;60,368
06/12/2019;61,544
06/11/2019;60,073
06/10/2019;60,301
06/07/2019;62,21
06/06/2019;63,74
06/05/2019;64,096
06/04/2019;65,449
06/03/2019;69,735
5/31/2019;70,189
5/30/2019;66,719
5/29/2019;67,209
5/28/2019;66,605
5/24/2019;64,75
5/23/2019;65,026
5/22/2019;63,346
5/21/2019;62,903
5/20/2019;64,064
5/17/2019;63,4
5/16/2019;62,288
5/15/2019;63,459
5/14/2019;63,39
5/13/2019;65,604
05/10/2019;60,607
05/09/2019;63,053
05/08/2019;62,229
05/07/2019;60,883
05/06/2019;58,589
05/03/2019;57,624
05/02/2019;58,859
05/01/2019;58,925
4/30/2019;57,401
4/29/2019;57,745
4/26/2019;57,146
4/25/2019;58,621
4/24/2019;58,148
4/23/2019;56,827
4/22/2019;57,973
4/18/2019;57,494
4/17/2019;57,643
4/16/2019;57,364
4/15/2019;56,426
04/12/2019;56,26
04/11/2019;58,8
04/10/2019;59,428
04/09/2019;60,754
04/08/2019;60,019
04/05/2019;60,038
04/04/2019;61,141
04/03/2019;61,938
04/02/2019;62,17
04/01/2019;61,614
3/29/2019;63,381
3/28/2019;66,275
3/27/2019;68,344
3/26/2019;68,181
3/25/2019;68,801
3/22/2019;68,131
3/21/2019;64,507
3/20/2019;65,788
3/19/2019;57,633
3/18/2019;57,185
3/15/2019;57,927
3/14/2019;58,428
3/13/2019;58,145
03/12/2019;59,58
03/11/2019;59,981
03/08/2019;63,637
03/07/2019;63,948
03/06/2019;62,89
03/05/2019;61,194
03/04/2019;59,823
03/01/2019;59,279
2/28/2019;60,159
2/27/2019;59,725
2/26/2019;60,559
2/25/2019;61,001
2/22/2019;61,381
2/21/2019;61,903
2/20/2019;60,471
2/19/2019;61,437
2/15/2019;62,515
2/14/2019;64,923
2/13/2019;65,2
02/12/2019;64,779
02/11/2019;67,84
02/08/2019;67,184
02/07/2019;68,498
02/06/2019;66,109
02/05/2019;64,202
02/04/2019;65,122
02/01/2019;66,861
1/31/2019;66,113
1/30/2019;69,142
1/29/2019;72,4
1/28/2019;73,138
1/25/2019;72,243
1/24/2019;74,101
1/23/2019;74,184
1/22/2019;75,574
1/18/2019;72,484
1/17/2019;73,555
1/16/2019;76,321
1/15/2019;76,393
1/14/2019;79,37
01/11/2019;77,521
01/10/2019;77,11
01/09/2019;79,109
01/08/2019;78,62
01/07/2019;81,38
01/04/2019;83,644
01/03/2019;90,171
01/02/2019;88,788
12/31/2018;87,749
12/28/2018;88,241
12/27/2018;89,401
12/26/2018;87,681
12/24/2018;94,912
12/21/2018;92,512
12/20/2018;89,626
12/19/2018;86,131
12/18/2018;81,719
12/17/2018;81,993
12/14/2018;79,33
12/13/2018;76,82
12/12/2018;77,914
12/11/2018;80,096
12/10/2018;81,388
12/07/2018;82,75
12/06/2018;79,273
12/04/2018;79,146
12/03/2018;74,514
11/30/2018;74,964
11/29/2018;74,509
11/28/2018;73,6
11/27/2018;78,455
11/26/2018;78,94
11/23/2018;80,281
11/21/2018;78,2
11/20/2018;79,158
11/19/2018;77,002
11/16/2018;74,272
11/15/2018;73,218
11/14/2018;71,685
11/13/2018;69,421
11/09/2018;66,64
11/08/2018;63,549
11/07/2018;62,476
11/06/2018;64,241
11/05/2018;65,14
11/02/2018;66,043
11/01/2018;66,916
10/31/2018;68,758
10/30/2018;69,207
10/29/2018;70,719
10/26/2018;69,981
10/25/2018;69,151
10/24/2018;69,702
10/23/2018;67,424
10/22/2018;67,969
10/19/2018;67,518
10/18/2018;67,416
10/17/2018;64,082
10/16/2018;63,426
10/15/2018;66,018
10/12/2018;64,198
10/11/2018;65,729
10/10/2018;65,742
10/09/2018;61,669
10/05/2018;61,398
10/04/2018;60,52
10/03/2018;59,267
10/02/2018;59,213
10/01/2018;58,074
9/28/2018;59,18
9/27/2018;59,42
9/26/2018;61,152
9/25/2018;62,256
9/24/2018;62,799
9/21/2018;61,535
9/20/2018;60,939
9/19/2018;56,215
9/18/2018;55,996
9/17/2018;56,83
9/14/2018;55,828
9/13/2018;55,54
09/12/2018;57,106
09/11/2018;58,074
09/10/2018;57,866
09/07/2018;59,846
09/06/2018;59,886
09/05/2018;60,218
09/04/2018;60,51
8/31/2018;59,94
8/30/2018;60,37
8/29/2018;58,526
8/28/2018;58,324
8/27/2018;58,453
8/24/2018;59,722
8/23/2018;60,713
8/22/2018;59,848
8/21/2018;60,274
8/20/2018;61,47
8/17/2018;60,994
8/16/2018;61,41
8/15/2018;62,506
8/14/2018;61,221
8/13/2018;62,107
08/10/2018;61,418
08/09/2018;59,269
08/08/2018;58,059
08/07/2018;58,115
08/06/2018;58,58
08/03/2018;58,988
08/02/2018;58,798
08/01/2018;58,563
7/31/2018;57,984
7/30/2018;58,993
7/27/2018;58,3
7/26/2018;57,673
7/25/2018;59,219
7/24/2018;60,928
7/23/2018;61,539
7/20/2018;61,638
7/19/2018;61,833
7/18/2018;60,715
7/17/2018;60,38
7/16/2018;60,945
7/13/2018;60,525
07/12/2018;61,585
07/11/2018;63,53
07/10/2018;62,294
07/09/2018;62,156
07/06/2018;63,998
07/05/2018;66,052
07/03/2018;67,351
07/02/2018;67,97
6/29/2018;67,595
6/28/2018;68,03
6/27/2018;68,096
6/26/2018;65,77
6/25/2018;66,754
6/22/2018;64,566
6/21/2018;64,969
6/20/2018;63,05
6/19/2018;62,951
6/18/2018;60,976
6/15/2018;60,48
6/14/2018;61,354
6/13/2018;63,535
06/12/2018;63,682
06/11/2018;64,51
06/08/2018;66,341
06/07/2018;66,779
06/06/2018;63,742
06/05/2018;64,169
06/04/2018;63,852
06/01/2018;65,14
5/31/2018;66,808
5/30/2018;65,181
5/29/2018;67,378
5/25/2018;63,221
5/24/2018;62,139
5/23/2018;61,933
5/22/2018;61,574
5/21/2018;61,792
5/18/2018;61,884
5/17/2018;60,906
5/16/2018;60,93
5/15/2018;61,275
5/14/2018;59,648
05/11/2018;59,294
05/10/2018;59,521
05/09/2018;61,252
05/08/2018;62,434
05/07/2018;62,035
05/04/2018;61,606
05/03/2018;62,349
05/02/2018;61,507
05/01/2018;60,792
4/30/2018;60,698
4/27/2018;60,154
4/26/2018;60,093
4/25/2018;61,533
4/24/2018;62,275
4/23/2018;61,76
4/20/2018;60,874
4/19/2018;60,125
4/18/2018;59,315
4/17/2018;59,264
4/16/2018;59,338
4/13/2018;61,339
04/12/2018;61,723
04/11/2018;63,385
04/10/2018;62,817
04/09/2018;64,932
04/06/2018;65,299
04/05/2018;63,193
04/04/2018;63,776
04/03/2018;66,447
04/02/2018;67,62
3/29/2018;65,557
3/28/2018;67,346
3/27/2018;67,376
3/26/2018;65,078
3/23/2018;68,982
3/22/2018;65,67
3/21/2018;61,6
3/20/2018;62,843
3/19/2018;54,876
3/16/2018;53,538
3/15/2018;54,901
3/14/2018;55,059
3/13/2018;54,339
03/12/2018;53,747
03/09/2018;54,339
03/08/2018;56,12
03/07/2018;56,77
03/06/2018;56,262
03/05/2018;55,361
03/02/2018;55,924
03/01/2018;57,787
2/28/2018;56,256
2/27/2018;55,277
2/26/2018;53,32
2/23/2018;55,314
2/22/2018;57,03
2/21/2018;55,68
2/20/2018;54,5
2/16/2018;51,382
2/15/2018;52,971
2/14/2018;56,17
2/13/2018;58,036
02/12/2018;57,531
02/09/2018;60,305
02/08/2018;60,101
02/07/2018;55,073
02/06/2018;52,982
02/05/2018;55,762
02/02/2018;50,38
02/01/2018;48,018
1/31/2018;47,28
1/30/2018;47,168
1/29/2018;46,543
1/26/2018;45,257
1/25/2018;46,21
1/24/2018;46,575
1/23/2018;46,07
1/22/2018;46,885
1/19/2018;47,515
1/18/2018;47,992
1/17/2018;47,998
1/16/2018;48,007
01/12/2018;47,068
01/11/2018;46,832
01/10/2018;46,777
01/09/2018;46,452
01/08/2018;45,382
01/05/2018;45,518
01/04/2018;45,877
01/03/2018;47,095
01/02/2018;48,455
12/29/2017;49,02
12/28/2017;49,43
12/27/2017;48,693
12/26/2017;49,007
12/22/2017;49,482
12/21/2017;48,55
12/20/2017;49,083
12/19/2017;49,758
12/18/2017;49,52
12/15/2017;50,341
12/14/2017;51,019
12/13/2017;50,339
12/12/2017;50,525
12/11/2017;50,262
12/08/2017;50,914
12/07/2017;51,607
12/06/2017;52,316
12/05/2017;51,968
12/04/2017;51,768
12/01/2017;52,389
11/30/2017;52,088
11/29/2017;52,908
11/28/2017;52,245
11/27/2017;53,532
11/24/2017;52,332
11/22/2017;52,507
11/21/2017;53,062
11/20/2017;54,725
11/17/2017;55,35
11/16/2017;54,993
11/15/2017;57,198
11/14/2017;57,397
11/13/2017;56,424
11/10/2017;56,042
11/09/2017;55,949
11/08/2017;55,011
11/07/2017;54,452
11/06/2017;53,152
11/03/2017;53,4
11/02/2017;52,98
11/01/2017;53,023
10/31/2017;52,15
10/30/2017;52,986
10/27/2017;52,762
10/26/2017;54,105
10/25/2017;54,201
10/24/2017;53,19
10/23/2017;52,924
10/20/2017;52,198
10/19/2017;53,37
10/18/2017;53,731
10/17/2017;53,936
10/16/2017;54,242
10/13/2017;54,574
10/12/2017;55,649
10/11/2017;54,761
10/10/2017;54,27
10/06/2017;54,244
10/05/2017;53,204
10/04/2017;54,471
10/03/2017;54,177
10/02/2017;54,628
9/29/2017;55,632
9/28/2017;56,615
9/27/2017;57,472
9/26/2017;58,712
9/25/2017;59,438
9/22/2017;59,906
9/21/2017;59,556
9/20/2017;58,719
9/19/2017;54,961
9/18/2017;55,859
9/15/2017;56,095
9/14/2017;56,695
9/13/2017;56,04
09/12/2017;56,164
09/11/2017;57,395
09/08/2017;60,274
09/07/2017;59,255
09/06/2017;58,618
09/05/2017;59,159
09/01/2017;57,116
8/31/2017;57,892
8/30/2017;59,073
8/29/2017;60,071
8/28/2017;59,519
8/25/2017;59,698
8/24/2017;60,185
8/23/2017;61,114
8/22/2017;60,299
8/21/2017;62,144
8/18/2017;62,35
8/17/2017;62,681
8/16/2017;59,628
8/15/2017;59,634
8/14/2017;59,632
08/11/2017;61,462
08/10/2017;62,176
08/09/2017;59,515
08/08/2017;59,185
08/07/2017;57,813
08/04/2017;57,715
08/03/2017;57,344
08/02/2017;56,295
08/01/2017;56,411
7/31/2017;57,226
7/28/2017;57,647
7/27/2017;57,426
7/26/2017;56,505
7/25/2017;56,283
7/24/2017;56,283
7/21/2017;56,9
7/20/2017;56,999
7/19/2017;56,972
7/18/2017;57,349
7/17/2017;57,477
7/14/2017;58,167
7/13/2017;58,768
07/12/2017;59,908
07/11/2017;61,788
07/10/2017;61,78
07/07/2017;61,644
07/06/2017;62,301
07/05/2017;61,222
07/03/2017;60,415
6/30/2017;60,519
6/29/2017;61,539
6/28/2017;60,219
6/27/2017;61,578
6/26/2017;59,593
6/23/2017;60,355
6/22/2017;61,442
6/21/2017;62,854
6/20/2017;61,554
6/19/2017;59,938
6/16/2017;61,502
6/15/2017;60,345
6/14/2017;58,735
6/13/2017;58,732
06/12/2017;59,994
06/09/2017;60,69
06/08/2017;61,078
06/07/2017;61,1
06/06/2017;60,735
06/05/2017;60,217
06/02/2017;59,826
06/01/2017;60,438
5/31/2017;61,585
5/30/2017;62,313
5/26/2017;62,2
5/25/2017;62,058
5/24/2017;61,893
5/23/2017;61,868
5/22/2017;62,2
5/19/2017;63,528
5/18/2017;64,541
5/17/2017;65,624
5/16/2017;61,693
5/15/2017;61,636
05/12/2017;62,618
05/11/2017;62,156
05/10/2017;61,62
05/09/2017;62,431
05/08/2017;62,316
05/05/2017;61,879
05/04/2017;63,253
05/03/2017;62,648
05/02/2017;62,882
05/01/2017;63,377
4/28/2017;63,978
4/27/2017;63,576
4/26/2017;63,361
4/25/2017;62,572
4/24/2017;64,238
4/21/2017;67,078
4/20/2017;67,497
4/19/2017;69,184
4/18/2017;68,794
4/17/2017;67,892
4/13/2017;67,915
04/12/2017;67,671
04/11/2017;66,385
04/10/2017;65,434
04/07/2017;65,447
04/06/2017;65,497
04/05/2017;65,897
04/04/2017;65,93
04/03/2017;66,702
3/31/2017;66,331
3/30/2017;66,813
3/29/2017;67,783
3/28/2017;67,18
3/27/2017;67,805
3/24/2017;67,014
3/23/2017;67,982
3/22/2017;68,342
3/21/2017;69,678
3/20/2017;68,385
3/17/2017;60,952
3/16/2017;61,895
3/15/2017;61,836
3/14/2017;65,803
3/13/2017;64,853
03/10/2017;64,547
03/09/2017;64,469
03/08/2017;63,894
03/07/2017;62,524
03/06/2017;60,6
03/03/2017;59,841
03/02/2017;60,373
03/01/2017;60,146
2/28/2017;62,577
2/27/2017;62,268
2/24/2017;62,558
2/23/2017;62,33
2/22/2017;62,583
2/21/2017;62,57
2/17/2017;63,517
2/16/2017;63,691
2/15/2017;62,979
2/14/2017;62,8
2/13/2017;63,268
02/10/2017;64,482
02/09/2017;64,712
02/08/2017;66,861
02/07/2017;65,54
02/06/2017;64,757
02/03/2017;63,605
02/02/2017;65,548
02/01/2017;65,83
1/31/2017;66,26
1/30/2017;65,788
1/27/2017;64,157
1/26/2017;63,988
1/25/2017;63,809
1/24/2017;65,415
1/23/2017;66,447
1/20/2017;65,879
1/19/2017;66,095
1/18/2017;65,719
1/17/2017;66,428
1/13/2017;65,82
01/12/2017;66,328
01/11/2017;65,942
01/10/2017;66,075
01/09/2017;65,451
01/06/2017;64,47
01/05/2017;63,743
01/04/2017;63,476
01/03/2017;65,669
12/30/2016;67,585
12/29/2016;68,109
12/28/2016;67,909
12/27/2016;66,753
12/23/2016;66,474
12/22/2016;66,113
12/21/2016;66,249
12/20/2016;66,512
12/19/2016;67,695
12/16/2016;68,945
12/15/2016;68,798
12/14/2016;69,43
12/13/2016;67,827
12/12/2016;68,095
12/09/2016;66,89
12/08/2016;68,895
12/07/2016;68,035
12/06/2016;69,54
12/05/2016;71,894
12/02/2016;72,921
12/01/2016;73,507
11/30/2016;72,751
11/29/2016;73,5
11/28/2016;73,845
11/25/2016;73,07
11/23/2016;73,979
11/22/2016;73,855
11/21/2016;75,733
11/18/2016;76,786
11/17/2016;74,932
11/16/2016;75,255
11/15/2016;73,988
11/14/2016;77,503
11/10/2016;75,447
11/09/2016;74,467
11/08/2016;75,757
11/07/2016;76,447
11/04/2016;80,967
11/03/2016;80,702
11/02/2016;79,977
11/01/2016;79,52
10/31/2016;78,708
10/28/2016;77,702
10/27/2016;76,257
10/26/2016;75,345
10/25/2016;74,537
10/24/2016;73,767
10/21/2016;73,799
10/20/2016;73,938
10/19/2016;73,725
10/18/2016;75,003
10/17/2016;76,078
10/14/2016;75,674
10/13/2016;76,053
10/12/2016;75,52
10/11/2016;75,753
10/07/2016;74,349
10/06/2016;74,257
10/05/2016;74,75
10/04/2016;75,705
10/03/2016;75,232
9/30/2016;75,132
9/29/2016;78,265
9/28/2016;75,365
9/27/2016;77,42
9/26/2016;79,113
9/23/2016;76,876
9/22/2016;76,015
9/21/2016;78,506
9/20/2016;81,698
9/19/2016;74,765
9/16/2016;75,958
9/15/2016;74,651
9/14/2016;77,31
9/13/2016;76,926
09/12/2016;73,257
09/09/2016;76,072
09/08/2016;71,652
09/07/2016;71,635
09/06/2016;71,162
09/02/2016;72,544
09/01/2016;73,885
8/31/2016;72,82
8/30/2016;71,258
8/29/2016;71,176
8/26/2016;72,017
8/25/2016;71,482
8/24/2016;71,762
8/23/2016;70,768
8/22/2016;71,891
8/19/2016;70,478
8/18/2016;69,572
8/17/2016;70,704
8/16/2016;71,07
8/15/2016;70,45
08/12/2016;71,597
08/11/2016;71,503
08/10/2016;72,138
08/09/2016;71,175
08/08/2016;71,34
08/05/2016;70,725
08/04/2016;73,22
08/03/2016;74,941
08/02/2016;76,833
08/01/2016;75,231
7/29/2016;72,025
7/28/2016;74,295
7/27/2016;73,45
7/26/2016;74,577
7/25/2016;73,451
7/22/2016;70,563
7/21/2016;71,342
7/20/2016;70,212
7/19/2016;71,254
7/18/2016;70,975
7/15/2016;72,844
7/14/2016;71,331
7/13/2016;71,345
07/12/2016;70,882
07/11/2016;72,307
07/08/2016;73,001
07/07/2016;76,72
07/06/2016;76,343
07/05/2016;78,993
07/01/2016;77,417
6/30/2016;76,984
6/29/2016;81,27
6/28/2016;84,598
6/27/2016;91,179
6/24/2016;86,963
6/23/2016;76,247
6/22/2016;78,91
6/21/2016;78,57
6/20/2016;80,12
6/17/2016;82,805
6/16/2016;82,717
6/15/2016;85,208
6/14/2016;84,093
6/13/2016;81,54
06/10/2016;78,775
06/09/2016;75,993
06/08/2016;73,594
06/07/2016;73,773
06/06/2016;74,393
06/03/2016;77,365
06/02/2016;77,124
06/01/2016;77,314
5/31/2016;76,668
5/27/2016;76,242
5/26/2016;77,036
5/25/2016;77,085
5/24/2016;79,573
5/23/2016;83,596
5/20/2016;83,749
5/19/2016;85,188
5/18/2016;83,727
5/17/2016;82,507
5/16/2016;81,535
5/13/2016;83,312
05/12/2016;81,288
05/11/2016;82,217
05/10/2016;80,507
05/09/2016;84,013
05/06/2016;85,265
05/05/2016;84,742
05/04/2016;83,346
05/03/2016;81,479
05/02/2016;77,965
4/29/2016;77,478
4/28/2016;76,481
4/27/2016;73,73
4/26/2016;74,497
4/25/2016;74,629
4/22/2016;73
4/21/2016;74,106
4/20/2016;72,744
4/19/2016;75,59
4/18/2016;77,921
4/15/2016;80,17
4/14/2016;78,99
4/13/2016;79,488
04/12/2016;79,519
04/11/2016;81,402
04/08/2016;82,331
04/07/2016;82,34
04/06/2016;77,678
04/05/2016;79,628
04/04/2016;76,27
04/01/2016;75,542
3/31/2016;78,592
3/30/2016;78,508
3/29/2016;82,52
3/28/2016;83,23
3/24/2016;83,415
3/23/2016;81,253
3/22/2016;80,855
3/21/2016;77,556
3/18/2016;85,154
3/17/2016;83,694
3/16/2016;85,711
3/15/2016;89,083
3/14/2016;85,126
03/11/2016;82,847
03/10/2016;90,813
03/09/2016;96,213
03/08/2016;98,167
03/07/2016;93,71
03/04/2016;94,368
03/03/2016;96,946
03/02/2016;100,125
03/01/2016;100,583
2/29/2016;107,456
2/26/2016;110,29
2/25/2016;112,628
2/24/2016;114,503
2/23/2016;115,725
2/22/2016;113,495
2/19/2016;118,128
2/18/2016;116,77
2/17/2016;116,818
2/16/2016;121,253
02/12/2016;121,962
02/11/2016;124,6
02/10/2016;121,563
02/09/2016;119,554
02/08/2016;120,244
02/05/2016;114,8
02/04/2016;109,574
02/03/2016;107,695
02/02/2016;108,652
02/01/2016;104,02
1/29/2016;101,98
1/28/2016;103,437
1/27/2016;104,729
1/26/2016;104,573
1/25/2016;106,757
1/22/2016;104,094
1/21/2016;108,587
1/20/2016;110,868
1/19/2016;110,452
1/15/2016;109,992
1/14/2016;103,685
1/13/2016;104,708
01/12/2016;98,706
01/11/2016;98,352
01/08/2016;98,652
01/07/2016;96,07
01/06/2016;92,702
01/05/2016;90,581
01/04/2016;90,503
12/31/2015;88,244
12/30/2015;88,428
12/29/2015;88,422
12/28/2015;90,538
12/24/2015;89,705
12/23/2015;89,959
12/22/2015;92,396
12/21/2015;95,088
12/18/2015;95,251
12/17/2015;94,419
12/16/2015;89,463
12/15/2015;90,545
12/14/2015;92,708
12/11/2015;96,325
12/10/2015;87,844
12/09/2015;85,98
12/08/2015;86,021
12/07/2015;83,474
12/04/2015;81,965
12/03/2015;83,482
12/02/2015;82,208
12/01/2015;80,55
11/30/2015;83,969
11/27/2015;84,537
11/25/2015;84,535
11/24/2015;85,253
11/23/2015;84,942
11/20/2015;84,557
11/19/2015;84,893
11/18/2015;81,889
11/17/2015;83,393
11/16/2015;83,016
11/13/2015;85,655
11/12/2015;83,378
11/10/2015;81,05
11/09/2015;81,052
11/06/2015;79,388
11/05/2015;78,26
11/04/2015;77,599
11/03/2015;75,581
11/02/2015;76,566
10/30/2015;78,887
10/29/2015;78,547
10/28/2015;77,316
10/27/2015;78,277
10/26/2015;77,816
10/23/2015;77,268
10/22/2015;80,085
10/21/2015;82,363
10/20/2015;81,209
10/19/2015;80,05
10/16/2015;81,333
10/15/2015;82,832
10/14/2015;85,65
10/13/2015;83,967
10/09/2015;81,6
10/08/2015;81,85
10/07/2015;83,85
10/06/2015;88,133
10/05/2015;87,25
10/02/2015;92,501
10/01/2015;94,35
9/30/2015;93,6
9/29/2015;92,826
9/28/2015;92,524
9/25/2015;88,375
9/24/2015;86,078
9/23/2015;84,308
9/22/2015;83,15
9/21/2015;81,25
9/18/2015;78,251
9/17/2015;76,906
9/16/2015;77,25
9/15/2015;78,85
9/14/2015;79,715
09/11/2015;79,6
09/10/2015;79,775
09/09/2015;80,951
09/08/2015;79,3
09/04/2015;83,501
09/03/2015;82
09/02/2015;82,6
09/01/2015;84,55
8/31/2015;81,75
8/28/2015;80,104
8/27/2015;78,35
8/26/2015;82,2
8/25/2015;87,338
8/24/2015;87,875
8/21/2015;82,7
8/20/2015;80,875
8/19/2015;79,501
8/18/2015;77,889
8/17/2015;76,5
8/14/2015;76,55
8/13/2015;76,75
08/12/2015;75,925
08/11/2015;75,308
08/10/2015;73,65
08/07/2015;74,646
08/06/2015;74,35
08/05/2015;72,025
08/04/2015;72,2
08/03/2015;71,913
7/31/2015;70,751
7/30/2015;71,3
7/29/2015;70,15
7/28/2015;70,9
7/27/2015;73,175
7/24/2015;71,65
7/23/2015;69,5
7/22/2015;68,45
7/21/2015;67,3
7/20/2015;65,9
7/17/2015;65,548
7/16/2015;64,906
7/15/2015;67,35
7/14/2015;67,31
7/13/2015;67,746
07/10/2015;69,75
07/09/2015;72,848
07/08/2015;73,3
07/07/2015;71,061
07/06/2015;71,417
07/02/2015;67,9
07/01/2015;68,25
6/30/2015;69,918
6/29/2015;71,757
6/26/2015;67,45
6/25/2015;67,28
6/24/2015;67,25
6/23/2015;65
6/22/2015;65,25
6/19/2015;68,187
6/18/2015;68,238
6/17/2015;70,066
6/16/2015;68,808
6/15/2015;70,053
06/12/2015;67,4
06/11/2015;65,75
06/10/2015;66,3
06/09/2015;67,768
06/08/2015;68,298
06/05/2015;66,893
06/04/2015;65,96
06/03/2015;65,187
06/02/2015;63,99
06/01/2015;63,75
5/29/2015;63,925
5/28/2015;63,846
5/27/2015;62,885
5/26/2015;63,907
5/22/2015;63,85
5/21/2015;63,427
5/20/2015;64,225
5/19/2015;63,975
5/18/2015;63,258
5/15/2015;62,591
5/14/2015;63,675
5/13/2015;65,554
05/12/2015;65,059
05/11/2015;64,918
05/08/2015;63,006
05/07/2015;65,875
05/06/2015;65,525
05/05/2015;63,975
05/04/2015;62,738
05/01/2015;62,775
4/30/2015;63,458
4/29/2015;62,674
4/28/2015;61,141
4/27/2015;61,037
4/24/2015;61
4/23/2015;61,2
4/22/2015;61,429
4/21/2015;61,987
4/20/2015;62,475
4/17/2015;63,375
4/16/2015;61,3
4/15/2015;60,625
4/14/2015;61,689
4/13/2015;61,994
04/10/2015;60,744
04/09/2015;60,557
04/08/2015;60,476
04/07/2015;60,201
04/06/2015;61,1
04/03/2015;63,163
04/02/2015;62,731
04/01/2015;63,25
3/31/2015;63,65
3/30/2015;64,026
3/27/2015;64,7
3/26/2015;64,171
3/25/2015;64,75
3/24/2015;62,812
3/23/2015;62,7
3/20/2015;63
3/19/2015;63,609
3/18/2015;62,1
3/17/2015;64,99
3/16/2015;65,314
3/13/2015;65,95
03/12/2015;64,125
03/11/2015;65,33
03/10/2015;65,075
03/09/2015;63,649
03/06/2015;62,031
03/05/2015;60,103
03/04/2015;61,593
03/03/2015;61,729
03/02/2015;60,801
2/27/2015;61,227
2/26/2015;61,517
2/25/2015;61,7
2/24/2015;62,001
2/23/2015;63,52
2/20/2015;63,35
2/19/2015;64,234
2/18/2015;64,013
2/17/2015;65,075
2/13/2015;64,85
02/12/2015;65,426
02/11/2015;66,35
02/10/2015;66,005
02/09/2015;66,65
02/06/2015;65,9
02/05/2015;66,05
02/04/2015;68,25
02/03/2015;65,25
02/02/2015;68,728
1/30/2015;70,58
1/29/2015;68,1
1/28/2015;69,1
1/27/2015;66,904
1/26/2015;65,525
1/23/2015;68,05
1/22/2015;68,15
1/21/2015;69,85
1/20/2015;72,25
1/16/2015;71,951
1/15/2015;73,26
1/14/2015;71,23
1/13/2015;71,505
01/12/2015;71,019
01/09/2015;69,78
01/08/2015;68,46
01/07/2015;70,036
01/06/2015;71,75
01/05/2015;69,175
01/02/2015;66,35
12/31/2014;66,326
12/30/2014;66,35
12/29/2014;65,475
12/26/2014;64,501
12/24/2014;64,501
12/23/2014;64,4
12/22/2014;64,9
12/19/2014;64,51
12/18/2014;65,094
12/17/2014;69,673
12/16/2014;76,258
12/15/2014;74,408
12/12/2014;72,555
12/11/2014;69,15
12/10/2014;68,1
12/09/2014;64,831
12/08/2014;64,537
12/05/2014;62,501
12/04/2014;61,8
12/03/2014;61,55
12/02/2014;62,1
12/01/2014;62,75
11/28/2014;60,451
11/26/2014;60,45
11/25/2014;60,675
11/24/2014;61,185
11/21/2014;63,75
11/20/2014;65,85
11/19/2014;66,625
11/18/2014;67,105
11/17/2014;66,479
11/14/2014;65,35
11/13/2014;65,025
11/12/2014;64,45
11/10/2014;64,283
11/07/2014;65,35
11/06/2014;64,6
11/05/2014;64,75
11/04/2014;65,262
11/03/2014;64,201
10/31/2014;63,95
10/30/2014;65,8
10/29/2014;65,75
10/28/2014;64,45
10/27/2014;65
10/24/2014;64,9
10/23/2014;66,034
10/22/2014;68,05
10/21/2014;66,025
10/20/2014;69,251
10/17/2014;70,4
10/16/2014;73,65
10/15/2014;74
10/14/2014;72,75
10/10/2014;71,75
10/09/2014;70,155
10/08/2014;66,95
10/07/2014;69,778
10/06/2014;67,852
10/03/2014;58,55
10/02/2014;62,675
10/01/2014;65
9/30/2014;64,389
9/29/2014;66,829
9/26/2014;64,075
9/25/2014;61,65
9/24/2014;59,444
9/23/2014;60,608
9/22/2014;58,701
9/19/2014;56,312
9/18/2014;57,2
9/17/2014;58,75
9/16/2014;60,204
9/15/2014;61,353
09/12/2014;59,894
09/11/2014;59,151
09/10/2014;58,4
09/09/2014;59,5
09/08/2014;56,738
09/05/2014;56,064
09/04/2014;56,85
09/03/2014;56,842
09/02/2014;56,75
8/29/2014;56,55
8/28/2014;56,4
8/27/2014;56,1
8/26/2014;55,892
8/25/2014;55,85
8/22/2014;57,799
8/21/2014;56
8/20/2014;57,675
8/19/2014;57,4
8/18/2014;56,951
8/15/2014;59,625
8/14/2014;59,213
8/13/2014;60,65
08/12/2014;63,05
08/11/2014;63,194
08/08/2014;64,65
08/07/2014;67,65
08/06/2014;65,853
08/05/2014;65,75
08/04/2014;63,759
08/01/2014;66,757
7/31/2014;64
7/30/2014;60,375
7/29/2014;60,325
7/28/2014;59,559
7/25/2014;59,437
7/24/2014;58,97
7/23/2014;58,549
7/22/2014;58,65
7/21/2014;59,498
7/18/2014;58,545
7/17/2014;60,519
7/16/2014;57,014
7/15/2014;57,5
7/14/2014;57,156
07/11/2014;58,35
07/10/2014;57,783
07/09/2014;57,155
07/08/2014;57,708
07/07/2014;55,98
07/03/2014;54,968
07/02/2014;56,931
07/01/2014;56,576
6/30/2014;58,735
6/27/2014;57,35
6/26/2014;56,785
6/25/2014;56,225
6/24/2014;56,25
6/23/2014;55,881
6/20/2014;56,813
6/19/2014;56,25
6/18/2014;56,75
6/17/2014;59,92
6/16/2014;60,359
6/13/2014;59,813
06/12/2014;60,25
06/11/2014;58,477
06/10/2014;57,283
06/09/2014;57,186
06/06/2014;57,063
06/05/2014;60,02
06/04/2014;61,95
06/03/2014;62,103
06/02/2014;62,5
5/30/2014;62,25
5/29/2014;62,325
5/28/2014;62,725
5/27/2014;62,347
5/23/2014;63,25
5/22/2014;63,751
5/21/2014;65,25
5/20/2014;66,175
5/19/2014;64,995
5/16/2014;64,75
5/15/2014;65,245
5/14/2014;63,284
5/13/2014;62,291
05/12/2014;62,529
05/09/2014;63,768
05/08/2014;64,142
05/07/2014;64,68
05/06/2014;65,7
05/05/2014;64,626
05/02/2014;64,28
05/01/2014;64,049
4/30/2014;64,29
4/29/2014;65,688
4/28/2014;65,75
4/25/2014;67,2
4/24/2014;66,073
4/23/2014;65,5
4/22/2014;65,438
4/21/2014;66,85
4/17/2014;67,688
4/16/2014;68,25
4/15/2014;68,875
4/14/2014;68,315
04/11/2014;69,5
04/10/2014;67,725
04/09/2014;65,125
04/08/2014;67,643
04/07/2014;67,969
04/04/2014;67,189
04/03/2014;66,942
04/02/2014;67,406
04/01/2014;67,501
3/31/2014;69,094
3/28/2014;70,4
3/27/2014;71,135
3/26/2014;72
3/25/2014;71,313
3/24/2014;71,817
3/21/2014;70,751
3/20/2014;71,375
3/19/2014;64,673
3/18/2014;63,13
3/17/2014;65
3/14/2014;67,469
3/13/2014;67,681
03/12/2014;65,156
03/11/2014;64,001
03/10/2014;63,251
03/07/2014;63,4
03/06/2014;62,75
03/05/2014;62,442
03/04/2014;62,375
03/03/2014;65,313
2/28/2014;63,5
2/27/2014;63,777
2/26/2014;64,688
2/25/2014;64,35
2/24/2014;63,937
2/21/2014;65,125
2/20/2014;64,75
2/19/2014;66
2/18/2014;64
2/14/2014;63,907
2/13/2014;64,75
02/12/2014;65,141
02/11/2014;65,5
02/10/2014;67,75
02/07/2014;67,551
02/06/2014;69,8
02/05/2014;72,962
02/04/2014;73,033
02/03/2014;74,563
1/31/2014;71,557
1/30/2014;71,611
1/29/2014;72,519
1/28/2014;69,907
1/27/2014;72,75
1/24/2014;72,75
1/23/2014;67,75
1/22/2014;65,625
1/21/2014;65,626
1/17/2014;65,297
1/16/2014;65
1/15/2014;63,438
1/14/2014;64,75
1/13/2014;66,125
01/10/2014;63,813
01/09/2014;65
01/08/2014;65,01
01/07/2014;64,25
01/06/2014;63
01/03/2014;62,852
01/02/2014;63,344
12/31/2013;62,25
12/30/2013;63,75
12/27/2013;63,25
12/26/2013;61,938
12/24/2013;62,313
12/23/2013;62,875
12/20/2013;64,75
12/19/2013;66,089
12/18/2013;67,5
12/17/2013;70
12/16/2013;69,313
12/13/2013;70,004
12/12/2013;70,25
12/11/2013;70,25
12/10/2013;67,875
12/09/2013;67,24
12/06/2013;69,25
12/05/2013;72,501
12/04/2013;70,75
12/03/2013;70,557
12/02/2013;69,63
11/29/2013;69,625
11/27/2013;68,969
11/26/2013;68,563
11/25/2013;67,875
11/22/2013;68,563
11/21/2013;70,697
11/20/2013;72,5
11/19/2013;72,625
11/18/2013;71,501
11/15/2013;70,25
11/14/2013;71,671
11/13/2013;72,333
11/12/2013;73,281
11/08/2013;71,625
11/07/2013;74,063
11/06/2013;72,563
11/05/2013;74,558
11/04/2013;73,126
11/01/2013;73,438
10/31/2013;72,843
10/30/2013;73,125
10/29/2013;71,125
10/28/2013;71,609
10/25/2013;71,625
10/24/2013;72,25
10/23/2013;72,001
10/22/2013;69,923
10/21/2013;72,266
10/18/2013;71,375
10/17/2013;71,501
10/16/2013;73,75
10/15/2013;76,813
10/11/2013;76,875
10/10/2013;78,688
10/09/2013;83,376
10/08/2013;84,5
10/07/2013;82,5
10/04/2013;79,438
10/03/2013;81
10/02/2013;79,604
10/01/2013;79,749
9/30/2013;82,001
9/27/2013;80,915
9/26/2013;79,751
9/25/2013;79,751
9/24/2013;78,875
9/23/2013;80,188
9/20/2013;79,938
9/19/2013;69,875
9/18/2013;69,76
9/17/2013;72,938
9/16/2013;74,376
9/13/2013;77,125
09/12/2013;77,688
09/11/2013;76,126
09/10/2013;78
09/09/2013;78,875
09/06/2013;82
09/05/2013;83,625
09/04/2013;82,75
09/03/2013;83,563
8/30/2013;84,001
8/29/2013;82,563
8/28/2013;83,438
8/27/2013;84
8/26/2013;79,626
8/23/2013;78,875
8/22/2013;80,75
8/21/2013;84,375
8/20/2013;82,25
8/19/2013;84,25
8/16/2013;81,594
8/15/2013;79,625
8/14/2013;75,5
8/13/2013;75,25
08/12/2013;75,688
08/09/2013;75,376
08/08/2013;75,188
08/07/2013;76,251
08/06/2013;74,5
08/05/2013;72,838
08/02/2013;72,75
08/01/2013;74,375
7/31/2013;74,938
7/30/2013;75,531
7/29/2013;75,906
7/26/2013;74,438
7/25/2013;76,375
7/24/2013;76,282
7/23/2013;75,001
7/22/2013;72,782
7/19/2013;72,593
7/18/2013;74,501
7/17/2013;76,188
7/16/2013;78,001
7/15/2013;77,001
07/12/2013;78,032
07/11/2013;78,25
07/10/2013;81,328
07/09/2013;81,625
07/08/2013;82,688
07/05/2013;86,5
07/03/2013;85,125
07/02/2013;86
07/01/2013;84,5
6/28/2013;86,75
6/27/2013;86,001
6/26/2013;88
6/25/2013;92,063
6/24/2013;97,563
6/21/2013;94,001
6/20/2013;93,343
6/19/2013;87,937
6/18/2013;81,984
6/17/2013;82,001
6/14/2013;84,063
6/13/2013;81,958
06/12/2013;87,375
06/11/2013;85,5
06/10/2013;83,751
06/07/2013;81,001
06/06/2013;83,3
06/05/2013;86,001
06/04/2013;81,75
06/03/2013;78,771
5/31/2013;79,25
5/30/2013;76,344
5/29/2013;77
5/28/2013;75,75
5/24/2013;75,813
5/23/2013;73,375
5/22/2013;71,563
5/21/2013;70,125
5/20/2013;71
5/17/2013;70,416
5/16/2013;71,5
5/15/2013;71,475
5/14/2013;72,75
5/13/2013;73,375
05/10/2013;72
05/09/2013;70,938
05/08/2013;69
05/07/2013;68,75
05/06/2013;70,643
05/03/2013;71,532
05/02/2013;74,188
05/01/2013;77,75
4/30/2013;75
4/29/2013;76,25
4/26/2013;78,188
4/25/2013;79
4/24/2013;80
4/23/2013;80,625
4/22/2013;82,094
4/19/2013;83,751
4/18/2013;85,25
4/17/2013;84
4/16/2013;81,751
4/15/2013;85,25
04/12/2013;82
04/11/2013;81,501
04/10/2013;82
04/09/2013;84,75
04/08/2013;85,438
04/05/2013;87,125
04/04/2013;87,875
04/03/2013;89,219
04/02/2013;87,5
04/01/2013;89,934
3/28/2013;90,75
3/27/2013;92,375
3/26/2013;90,5
3/25/2013;91
3/22/2013;90,183
3/21/2013;91,375
3/20/2013;89,5
3/19/2013;81,755
3/18/2013;80,25
3/15/2013;78,715
3/14/2013;78,376
3/13/2013;79
03/12/2013;79,672
03/11/2013;79,25
03/08/2013;80,5
03/07/2013;82,625
03/06/2013;83,75
03/05/2013;83,25
03/04/2013;84,626
03/01/2013;86,313
2/28/2013;88
2/27/2013;87,313
2/26/2013;89,5
2/25/2013;90,25
2/22/2013;86,281
2/21/2013;88,415
2/20/2013;87,5
2/19/2013;85,313
2/15/2013;86,41
2/14/2013;86
2/13/2013;86
02/12/2013;87,25
02/11/2013;89,563
02/08/2013;89,5
02/07/2013;89,885
02/06/2013;89,5
02/05/2013;88,5
02/04/2013;90,25
02/01/2013;86,125
1/31/2013;88,781
1/30/2013;90,375
1/29/2013;86,125
1/28/2013;85,796
1/25/2013;84,881
1/24/2013;86,469
1/23/2013;86,625
1/22/2013;86,25
1/18/2013;87,193
1/17/2013;87,5
1/16/2013;88,75
1/15/2013;88,625
1/14/2013;89,563
01/11/2013;87,219
01/10/2013;86,125
01/09/2013;86,733
01/08/2013;85,625
01/07/2013;84,967
01/04/2013;85,625
01/03/2013;85,625
01/02/2013;85
12/31/2012;94,125
12/28/2012;100,75
12/27/2012;94,75
12/26/2012;95
12/24/2012;93,56
12/21/2012;92,625
12/20/2012;88,625
12/19/2012;89,813
12/18/2012;89,125
12/17/2012;91,875
12/14/2012;95,032
12/13/2012;94,438
12/12/2012;93,375
12/11/2012;93,583
12/10/2012;95,417
12/07/2012;96,875
12/06/2012;97,475
12/05/2012;97,813
12/04/2012;100,438
12/03/2012;99,875
11/30/2012;98,563
11/29/2012;99,25
11/28/2012;100,875
11/27/2012;102,25
11/26/2012;100,75
11/23/2012;99,125
11/21/2012;100,5
11/20/2012;101,5
11/19/2012;103
11/16/2012;109,75
11/15/2012;111,156
11/14/2012;108,5
11/13/2012;106,875
11/09/2012;106,727
11/08/2012;104,312
11/07/2012;100,219
11/06/2012;96,128
11/05/2012;96,86
11/02/2012;97,375
11/01/2012;96,25
10/31/2012;99,688
10/29/2012;100,75
10/26/2012;98,068
10/25/2012;98,25
10/24/2012;98,552
10/23/2012;96,875
10/22/2012;94
10/19/2012;93,75
10/18/2012;90,938
10/17/2012;89,875
10/16/2012;92,5
10/15/2012;95,625
10/12/2012;97
10/11/2012;97,25
10/10/2012;99
10/09/2012;97,875
10/05/2012;95
10/04/2012;95,063
10/03/2012;96,125
10/02/2012;98,25
10/01/2012;98,25
9/28/2012;99
9/27/2012;98,501
9/26/2012;102,188
9/25/2012;102,625
9/24/2012;98,5
9/21/2012;96,375
9/20/2012;96,125
9/19/2012;85,5
9/18/2012;85,376
9/17/2012;85,333
9/14/2012;83
9/13/2012;85,625
09/12/2012;90,906
09/11/2012;93,344
09/10/2012;95,438
09/07/2012;93
09/06/2012;95,191
09/05/2012;100,5
09/04/2012;101
8/31/2012;101,813
8/30/2012;103
8/29/2012;100,876
8/28/2012;101
8/27/2012;100,25
8/24/2012;100,75
8/23/2012;101,625
8/22/2012;99,375
8/21/2012;98,625
8/20/2012;98,5
8/17/2012;99,75
8/16/2012;101,125
8/15/2012;103,152
8/14/2012;103
8/13/2012;102,75
08/10/2012;102,751
08/09/2012;103
08/08/2012;102,75
08/07/2012;103,25
08/06/2012;102,749
08/03/2012;103,75
08/02/2012;109
08/01/2012;105,5
7/31/2012;107,375
7/30/2012;106,25
7/27/2012;105
7/26/2012;111,25
7/25/2012;115,436
7/24/2012;117,251
7/23/2012;113,25
7/20/2012;111,75
7/19/2012;108,125
7/18/2012;108,125
7/17/2012;111,125
7/16/2012;112,75
7/13/2012;111,751
07/12/2012;113,25
07/11/2012;111,625
07/10/2012;111,375
07/09/2012;111,031
07/06/2012;112,625
07/05/2012;108,875
07/03/2012;106,5
07/02/2012;109,125
6/29/2012;112,438
6/28/2012;118,125
6/27/2012;117,5
6/26/2012;119
6/25/2012;119,625
6/22/2012;115,375
6/21/2012;117,917
6/20/2012;113,906
6/19/2012;115,427
6/18/2012;119,411
6/15/2012;117,625
6/14/2012;120,626
6/13/2012;125,375
06/12/2012;123,5
06/11/2012;124,5
06/08/2012;121,125
06/07/2012;121,938
06/06/2012;121,875
06/05/2012;125,625
06/04/2012;127,501
06/01/2012;126
5/31/2012;123,563
5/30/2012;122,375
5/29/2012;116,689
5/25/2012;117,626
5/24/2012;117,125
5/23/2012;118,251
5/22/2012;118,323
5/21/2012;117,875
5/18/2012;123,75
5/17/2012;123,25
5/16/2012;118,876
5/15/2012;117,167
5/14/2012;114,625
05/11/2012;108,501
05/10/2012;102,875
05/09/2012;103
05/08/2012;100,876
05/07/2012;100,249
05/04/2012;98,875
05/03/2012;96,376
05/02/2012;94,313
05/01/2012;93,875
4/30/2012;94,75
4/27/2012;94,25
4/26/2012;95,875
4/25/2012;97,625
4/24/2012;99,75
4/23/2012;100,875
4/20/2012;99,88
4/19/2012;100
4/18/2012;99,451
4/17/2012;98,5
4/16/2012;101,5
4/13/2012;101,626
04/12/2012;96,784
04/11/2012;102
04/10/2012;104,245
04/09/2012;101,75
04/06/2012;96,626
04/05/2012;96,876
04/04/2012;92,75
04/03/2012;90,5
04/02/2012;90,25
3/30/2012;91,29
3/29/2012;92,844
3/28/2012;90,75
3/27/2012;89,5
3/26/2012;88,75
3/23/2012;91,25
3/22/2012;90,56
3/21/2012;87,013
3/20/2012;87,751
3/19/2012;85,458
3/16/2012;88,625
3/15/2012;90,033
3/14/2012;90,641
3/13/2012;91,531
03/12/2012;95,25
03/09/2012;95,75
03/08/2012;95,75
03/07/2012;97,25
03/06/2012;97,75
03/05/2012;95,25
03/02/2012;94
03/01/2012;92,875
2/29/2012;94,125
2/28/2012;93,625
2/27/2012;95,375
2/24/2012;95,875
2/23/2012;96,375
2/22/2012;97,813
2/21/2012;97,563
2/17/2012;98,625
2/16/2012;98,75
2/15/2012;101,083
2/14/2012;98,375
2/13/2012;96,625
02/10/2012;98,625
02/09/2012;97
02/08/2012;94,501
02/07/2012;95
02/06/2012;94,875
02/03/2012;94,375
02/02/2012;99,188
02/01/2012;100,25
1/31/2012;101,125
1/30/2012;102,501
1/27/2012;100,5
1/26/2012;101,375
1/25/2012;101,875
1/24/2012;103,375
1/23/2012;103
1/20/2012;106,25
1/19/2012;108,25
1/18/2012;109,75
1/17/2012;113,25
1/13/2012;116,125
01/12/2012;114,5
01/11/2012;116,125
01/10/2012;116,25
01/09/2012;119,417
01/06/2012;120
01/05/2012;120,001
01/04/2012;118,75
01/03/2012;118
12/30/2011;120
12/29/2011;120
12/28/2011;121,875
12/27/2011;120,5
12/23/2011;121,75
12/22/2011;121,5
12/21/2011;124,375
12/20/2011;126,625
12/19/2011;132,375
12/16/2011;132
12/15/2011;129,625
12/14/2011;129,85
12/13/2011;127,375
12/12/2011;125,85
12/09/2011;122,25
12/08/2011;125,625
12/07/2011;119,875
12/06/2011;122,125
12/05/2011;123,126
12/02/2011;125,75
12/01/2011;126,5
11/30/2011;127,75
11/29/2011;140,167
11/28/2011;141
11/25/2011;147,5
11/23/2011;146,125
11/22/2011;140,75
11/21/2011;140,75
11/18/2011;136
11/17/2011;136,626
11/16/2011;134,875
11/15/2011;132,501
11/14/2011;129,625
11/10/2011;129,75
11/09/2011;130,125
11/08/2011;121,251
11/07/2011;123,626
11/04/2011;123,75
11/03/2011;120,908
11/02/2011;125,834
11/01/2011;127,25
10/31/2011;122
10/28/2011;114,25
10/27/2011;114,084
10/26/2011;126,334
10/25/2011;130,084
10/24/2011;126,584
10/21/2011;131,75
10/20/2011;134,25
10/19/2011;135
10/18/2011;133
10/17/2011;135,5
10/14/2011;130,5
10/13/2011;132,994
10/12/2011;131
10/11/2011;136
10/07/2011;139,75
10/06/2011;139,75
10/05/2011;145,5
10/04/2011;149,5
10/03/2011;151,5
9/30/2011;145,25
9/29/2011;139,75
9/28/2011;142
9/27/2011;136,75
9/26/2011;137,125
9/23/2011;142,5
9/22/2011;145,5
9/21/2011;141,75
9/20/2011;134,5
9/19/2011;128,125
9/16/2011;126,5
9/15/2011;125,75
9/14/2011;129,75
9/13/2011;132,25
09/12/2011;135,75
09/09/2011;132,25
